{
  "_generated": "Generated by SweetTooth, do not edit",
  "description": "Clipboard Manager extension for Gnome-Shell - Adds a clipboard indicator to the top panel, and caches clipboard history.\n\nSee contributors here:\nhttps://github.com/Tudmotu/gnome-shell-extension-clipboard-indicator/graphs/contributors",
  "name": "Clipboard Indicator",
  "shell-version": [
    "3.24",
    "3.26",
    "3.28",
    "3.30",
    "3.34",
    "3.32",
    "3.36"
  ],
  "url": "https://github.com/Tudmotu/gnome-shell-extension-clipboard-indicator",
  "uuid": "clipboard-indicator@tudmotu.com",
  "version": 34
}